order_id,quantity,unit_price,discount_pct,region,weekend,customer_rating,revenue
1,4,27,0,South,0,3,108.0
2,7,44,5,East,0,3,292.6
3,3,61,10,West,0,3,164.7
4,6,78,15,North,1,3,397.8
5,2,95,20,South,0,4,152.0
6,5,22,0,East,0,3,110.0
7,1,39,0,West,0,3,39.0
8,4,56,5,North,1,3,212.8
9,7,73,10,South,0,5,459.9
10,3,90,15,East,0,4,229.5
11,6,17,20,West,0,3,81.6
12,2,34,0,North,1,3,68.0
13,5,51,0,South,0,3,255.0
14,1,68,5,East,0,3,64.6
15,4,85,10,West,0,4,306.0
16,7,12,15,North,1,3,71.4
17,3,29,20,South,0,3,69.6
18,6,46,0,East,0,5,276.0
19,2,63,0,West,0,3,126.0
20,5,80,5,North,1,4,380.0
21,1,97,10,South,0,3,87.3
22,4,24,15,East,0,3,81.6
23,7,41,20,West,0,3,229.6
24,3,58,0,North,1,3,174.0
25,6,75,0,South,0,4,450.0
26,2,92,5,East,0,3,174.8
27,5,19,10,West,0,5,85.5
28,1,36,15,North,1,3,30.6
29,4,53,20,South,0,3,169.6
30,7,70,0,East,0,4,490.0
31,3,87,0,West,0,3,261.0
32,6,14,5,North,1,3,79.8
33,2,31,10,South,0,3,55.8
34,5,48,15,East,0,3,204.0
35,1,65,20,West,0,4,52.0
36,4,82,0,North,1,5,328.0
37,7,99,0,South,0,3,693.0
38,3,26,5,East,0,3,74.1
39,6,43,10,West,0,3,232.2
40,2,60,15,North,1,4,102.0
41,5,77,20,South,0,3,308.0
42,1,94,0,East,0,3,94.0
43,4,21,0,West,0,3,84.0
44,7,38,5,North,1,3,252.7
45,3,55,10,South,0,5,148.5
46,6,72,15,East,0,3,367.2
47,2,89,20,West,0,3,142.4
48,5,16,0,North,1,3,80.0
49,1,33,0,South,0,3,33.0
50,4,50,5,East,0,4,190.0
51,7,67,10,West,0,3,422.1
52,3,84,15,North,1,3,214.2
53,6,11,20,South,0,3,52.8
54,2,28,0,East,0,5,56.0
55,5,45,0,West,0,4,225.0
56,1,62,5,North,1,3,58.9
57,4,79,10,South,0,3,284.4
58,7,96,15,East,0,3,571.2
59,3,23,20,West,0,3,55.2
60,6,40,0,North,1,4,240.0
61,2,57,0,South,0,3,114.0
62,5,74,5,East,0,3,351.5
63,1,91,10,West,0,5,81.9
64,4,18,15,North,1,3,61.2
65,7,35,20,South,0,4,196.0
66,3,52,0,East,0,3,156.0
67,6,69,0,West,0,3,414.0
68,2,86,5,North,1,3,163.4
69,5,13,10,South,0,3,58.5
70,1,30,15,East,0,4,25.5
71,4,47,20,West,0,3,150.4
72,7,64,0,North,1,5,448.0
73,3,81,0,South,0,3,243.0
74,6,98,5,East,0,3,558.6
75,2,25,10,West,0,4,45.0
76,5,42,15,North,1,3,178.5
77,1,59,20,South,0,3,47.2
78,4,76,0,East,0,3,304.0
79,7,93,0,West,0,3,651.0
80,3,20,5,North,1,4,57.0
81,6,37,10,South,0,5,199.8
82,2,54,15,East,0,3,91.8
83,5,71,20,West,0,3,284.0
84,1,88,0,North,1,3,88.0
85,4,15,0,South,0,4,60.0
86,7,32,5,East,0,3,212.8
87,3,49,10,West,0,3,132.3
88,6,66,15,North,1,3,336.6
89,2,83,20,South,0,3,132.8
90,5,10,0,East,0,5,50.0
91,1,27,0,West,0,3,27.0
92,4,44,5,North,1,3,167.2
93,7,61,10,South,0,3,384.3
94,3,78,15,East,0,3,198.9
95,6,95,20,West,0,4,456.0
96,2,22,0,North,1,3,44.0
97,5,39,0,South,0,3,195.0
98,1,56,5,East,0,3,53.2
99,4,73,10,West,0,5,262.8
100,7,90,15,North,1,4,535.5
101,3,17,20,South,0,3,40.8
102,6,34,0,East,0,3,204.0
103,2,51,0,West,0,3,102.0
104,5,68,5,North,1,3,323.0
105,1,85,10,South,0,4,76.5
106,4,12,15,East,0,3,40.8
107,7,29,20,West,0,3,162.4
108,3,46,0,North,1,5,138.0
109,6,63,0,South,0,3,378.0
110,2,80,5,East,0,4,152.0
111,5,97,10,West,0,3,436.5
112,1,24,15,North,1,3,20.4
113,4,41,20,South,0,3,131.2
114,7,58,0,East,0,3,406.0
115,3,75,0,West,0,4,225.0
116,6,92,5,North,1,3,524.4
117,2,19,10,South,0,5,34.2
118,5,36,15,East,0,3,153.0
119,1,53,20,West,0,3,42.4
120,4,70,0,North,1,4,280.0
121,7,87,0,South,0,3,609.0
122,3,14,5,East,0,3,39.9
123,6,31,10,West,0,3,167.4
124,2,48,15,North,1,3,81.6
125,5,65,20,South,0,4,260.0
126,1,82,0,East,0,5,82.0
127,4,99,0,West,0,3,396.0
128,7,26,5,North,1,3,172.9
129,3,43,10,South,0,3,116.1
130,6,60,15,East,0,4,306.0
131,2,77,20,West,0,3,123.2
132,5,94,0,North,1,3,470.0
133,1,21,0,South,0,3,21.0
134,4,38,5,East,0,3,144.4
135,7,55,10,West,0,5,346.5
136,3,72,15,North,1,3,183.6
137,6,89,20,South,0,3,427.2
138,2,16,0,East,0,3,32.0
139,5,33,0,West,0,3,165.0
140,1,50,5,North,1,4,47.5
141,4,67,10,South,0,3,241.2
142,7,84,15,East,0,3,499.8
143,3,11,20,West,0,3,26.4
144,6,28,0,North,1,5,168.0
145,2,45,0,South,0,4,90.0
146,5,62,5,East,0,3,294.5
147,1,79,10,West,0,3,71.1
148,4,96,15,North,1,3,326.4
149,7,23,20,South,0,3,128.8
150,3,40,0,East,0,4,120.0
151,6,57,0,West,0,3,342.0
152,2,74,5,North,1,3,140.6
153,5,91,10,South,0,5,409.5
154,1,18,15,East,0,3,15.3
155,4,35,20,West,0,4,112.0
156,7,52,0,North,1,3,364.0
157,3,69,0,South,0,3,207.0
158,6,86,5,East,0,3,490.2
159,2,13,10,West,0,3,23.4
160,5,30,15,North,1,4,127.5
161,1,47,20,South,0,3,37.6
162,4,64,0,East,0,5,256.0
163,7,81,0,West,0,3,567.0
164,3,98,5,North,1,3,279.3
165,6,25,10,South,0,4,135.0
166,2,42,15,East,0,3,71.4
167,5,59,20,West,0,3,236.0
168,1,76,0,North,1,3,76.0
169,4,93,0,South,0,3,372.0
170,7,20,5,East,0,4,133.0
171,3,37,10,West,0,5,99.9
172,6,54,15,North,1,3,275.4
173,2,71,20,South,0,3,113.6
174,5,88,0,East,0,3,440.0
175,1,15,0,West,0,4,15.0
176,4,32,5,North,1,3,121.6
177,7,49,10,South,0,3,308.7
178,3,66,15,East,0,3,168.3
179,6,83,20,West,0,3,398.4
180,2,10,0,North,1,5,20.0
181,5,27,0,South,0,3,135.0
182,1,44,5,East,0,3,41.8
183,4,61,10,West,0,3,219.6
184,7,78,15,North,1,3,464.1
185,3,95,20,South,0,4,228.0
186,6,22,0,East,0,3,132.0
187,2,39,0,West,0,3,78.0
188,5,56,5,North,1,3,266.0
189,1,73,10,South,0,5,65.7
190,4,90,15,East,0,4,306.0
191,7,17,20,West,0,3,95.2
192,3,34,0,North,1,3,102.0
193,6,51,0,South,0,3,306.0
194,2,68,5,East,0,3,129.2
195,5,85,10,West,0,4,382.5
196,1,12,15,North,1,3,10.2
197,4,29,20,South,0,3,92.8
198,7,46,0,East,0,5,322.0
199,3,63,0,West,0,3,189.0
200,6,80,5,North,1,4,456.0
201,2,97,10,South,0,3,174.6
202,5,24,15,East,0,3,102.0
203,1,41,20,West,0,3,32.8
204,4,58,0,North,1,3,232.0
205,7,75,0,South,0,4,525.0
206,3,92,5,East,0,3,262.2
207,6,19,10,West,0,5,102.6
208,2,36,15,North,1,3,61.2
209,5,53,20,South,0,3,212.0
210,1,70,0,East,0,4,70.0
211,4,87,0,West,0,3,348.0
212,7,14,5,North,1,3,93.1
213,3,31,10,South,0,3,83.7
214,6,48,15,East,0,3,244.8
215,2,65,20,West,0,4,104.0
216,5,82,0,North,1,5,410.0
217,1,99,0,South,0,3,99.0
218,4,26,5,East,0,3,98.8
219,7,43,10,West,0,3,270.9
220,3,60,15,North,1,4,153.0
221,6,77,20,South,0,3,369.6
222,2,94,0,East,0,3,188.0
223,5,21,0,West,0,3,105.0
224,1,38,5,North,1,3,36.1
225,4,55,10,South,0,5,198.0
226,7,72,15,East,0,3,428.4
227,3,89,20,West,0,3,213.6
228,6,16,0,North,1,3,96.0
229,2,33,0,South,0,3,66.0
230,5,50,5,East,0,4,237.5
231,1,67,10,West,0,3,60.3
232,4,84,15,North,1,3,285.6
233,7,11,20,South,0,3,61.6
234,3,28,0,East,0,5,84.0
235,6,45,0,West,0,4,270.0
236,2,62,5,North,1,3,117.8
237,5,79,10,South,0,3,355.5
238,1,96,15,East,0,3,81.6
239,4,23,20,West,0,3,73.6
240,7,40,0,North,1,4,280.0
241,3,57,0,South,0,3,171.0
242,6,74,5,East,0,3,421.8
243,2,91,10,West,0,5,163.8
244,5,18,15,North,1,3,76.5
245,1,35,20,South,0,4,28.0
246,4,52,0,East,0,3,208.0
247,7,69,0,West,0,3,483.0
248,3,86,5,North,1,3,245.1
249,6,13,10,South,0,3,70.2
250,2,30,15,East,0,4,51.0
251,5,47,20,West,0,3,188.0
252,1,64,0,North,1,5,64.0
253,4,81,0,South,0,3,324.0
254,7,98,5,East,0,3,651.7
255,3,25,10,West,0,4,67.5
256,6,42,15,North,1,3,214.2
257,2,59,20,South,0,3,94.4
258,5,76,0,East,0,3,380.0
259,1,93,0,West,0,3,93.0
260,4,20,5,North,1,4,76.0
261,7,37,10,South,0,5,233.1
262,3,54,15,East,0,3,137.7
263,6,71,20,West,0,3,340.8
264,2,88,0,North,1,3,176.0
265,5,15,0,South,0,4,75.0
266,1,32,5,East,0,3,30.4
267,4,49,10,West,0,3,176.4
268,7,66,15,North,1,3,392.7
269,3,83,20,South,0,3,199.2
270,6,10,0,East,0,5,60.0
271,2,27,0,West,0,3,54.0
272,5,44,5,North,1,3,209.0
273,1,61,10,South,0,3,54.9
274,4,78,15,East,0,3,265.2
275,7,95,20,West,0,4,532.0
276,3,22,0,North,1,3,66.0
277,6,39,0,South,0,3,234.0
278,2,56,5,East,0,3,106.4
279,5,73,10,West,0,5,328.5
280,1,90,15,North,1,4,76.5
281,4,17,20,South,0,3,54.4
282,7,34,0,East,0,3,238.0
283,3,51,0,West,0,3,153.0
284,6,68,5,North,1,3,387.6
285,2,85,10,South,0,4,153.0
286,5,12,15,East,0,3,51.0
287,1,29,20,West,0,3,23.2
288,4,46,0,North,1,5,184.0
289,7,63,0,South,0,3,441.0
290,3,80,5,East,0,4,228.0
291,6,97,10,West,0,3,523.8
292,2,24,15,North,1,3,40.8
293,5,41,20,South,0,3,164.0
294,1,58,0,East,0,3,58.0
295,4,75,0,West,0,4,300.0
296,7,92,5,North,1,3,611.8
297,3,19,10,South,0,5,51.3
298,6,36,15,East,0,3,183.6
299,2,53,20,West,0,3,84.8
300,5,70,0,North,1,4,350.0
301,1,87,0,South,0,3,87.0
302,4,14,5,East,0,3,53.2
303,7,31,10,West,0,3,195.3
304,3,48,15,North,1,3,122.4
305,6,65,20,South,0,4,312.0
306,2,82,0,East,0,5,164.0
307,5,99,0,West,0,3,495.0
308,1,26,5,North,1,3,24.7
309,4,43,10,South,0,3,154.8
310,7,60,15,East,0,4,357.0
311,3,77,20,West,0,3,184.8
312,6,94,0,North,1,3,564.0
313,2,21,0,South,0,3,42.0
314,5,38,5,East,0,3,180.5
315,1,55,10,West,0,5,49.5
316,4,72,15,North,1,3,244.8
317,7,89,20,South,0,3,498.4
318,3,16,0,East,0,3,48.0
319,6,33,0,West,0,3,198.0
320,2,50,5,North,1,4,95.0
