customer_id,months_active,monthly_fee,support_calls,contract_month_to_month,churned
1,4,44,1,0,1
2,5,46,1,0,1
3,6,48,1,1,1
4,7,50,1,0,1
5,8,52,1,0,1
6,9,54,1,1,1
7,10,56,0,0,0
8,11,58,1,0,0
9,12,60,1,1,0
10,13,62,1,0,0
11,14,64,1,0,1
12,15,66,1,1,0
13,16,68,1,0,0
14,17,70,0,0,0
15,18,72,1,1,0
16,19,74,1,0,0
17,20,76,1,0,0
18,21,78,1,1,0
19,22,42,1,0,0
20,23,44,1,0,0
21,24,46,0,1,0
22,25,48,1,0,1
23,26,50,1,0,0
24,3,52,1,1,1
25,4,54,1,0,1
26,5,56,1,0,1
27,6,58,1,1,1
28,7,60,0,0,0
29,8,62,1,0,1
30,9,64,1,1,1
31,10,66,1,0,0
32,11,68,1,0,0
33,12,70,1,1,1
34,13,72,1,0,0
35,14,74,0,0,0
36,15,76,1,1,0
37,16,78,1,0,0
38,17,42,1,0,0
39,18,44,1,1,0
40,19,46,1,0,0
41,20,48,1,0,0
42,21,50,0,1,0
43,22,52,1,0,0
44,23,54,1,0,1
45,24,56,1,1,0
46,25,58,1,0,0
47,26,60,1,0,0
48,3,62,1,1,1
49,4,64,0,0,0
50,5,66,1,0,1
51,6,68,1,1,1
52,7,70,1,0,1
53,8,72,1,0,1
54,9,74,1,1,1
55,10,76,1,0,1
56,11,78,0,0,0
57,12,42,1,1,0
58,13,44,1,0,0
59,14,46,1,0,0
60,15,48,1,1,0
61,16,50,1,0,0
62,17,52,1,0,0
63,18,54,0,1,0
64,19,56,1,0,0
65,20,58,1,0,0
66,21,60,1,1,1
67,22,62,1,0,0
68,23,64,1,0,0
69,24,66,1,1,0
70,25,68,0,0,0
71,26,70,1,0,0
72,3,72,1,1,1
73,4,74,1,0,1
74,5,76,1,0,1
75,6,78,1,1,1
76,7,42,1,0,1
77,8,44,0,0,1
78,9,46,1,1,1
79,10,48,1,0,0
80,11,50,1,0,0
81,12,52,1,1,0
82,13,54,1,0,0
83,14,56,1,0,0
84,15,58,0,1,0
85,16,60,1,0,0
86,17,62,1,0,0
87,18,64,1,1,0
88,19,66,1,0,1
89,20,68,1,0,0
90,21,70,1,1,0
91,22,72,0,0,0
92,23,74,1,0,0
93,24,76,1,1,0
94,25,78,1,0,0
95,26,42,1,0,0
96,3,44,1,1,1
97,4,46,1,0,1
98,5,48,0,0,0
99,6,50,1,1,1
100,7,52,1,0,1
101,8,54,1,0,1
102,9,56,1,1,1
103,10,58,1,0,0
104,11,60,1,0,0
105,12,62,0,1,0
106,13,64,1,0,0
107,14,66,1,0,0
108,15,68,1,1,0
109,16,70,1,0,0
110,17,72,1,0,1
111,18,74,1,1,0
112,19,76,0,0,0
113,20,78,1,0,0
114,21,42,1,1,0
115,22,44,1,0,0
116,23,46,1,0,0
117,24,48,1,1,0
118,25,50,1,0,0
119,26,52,0,0,0
120,3,54,1,1,1
